{"cameraMode":{"drawMode":0,"name":"Shaded","section":"Shading Mode"},"sceneLighting":true,"audioPlay":false,"sceneViewState":{"m_AlwaysRefresh":false,"showFog":true,"showSkybox":true,"showFlares":true,"showImageEffects":true,"showParticleSystems":true,"showVisualEffectGraphs":true,"m_FxEnabled":true},"in2DMode":false,"pivot":{"x":-0.10354733467102051,"y":1.5564312934875489,"z":-6.39206600189209},"rotation":{"x":0.03318621218204498,"y":-0.9663086533546448,"z":0.16388458013534547,"w":0.19567564129829408},"size":4.7263102531433109,"orthographic":true}