{"cameraMode":{"drawMode":0,"name":"Shaded","section":"Shading Mode"},"sceneLighting":false,"audioPlay":false,"sceneViewState":{"m_AlwaysRefresh":false,"showFog":true,"showSkybox":false,"showFlares":true,"showImageEffects":true,"showParticleSystems":true,"showVisualEffectGraphs":true,"m_FxEnabled":true},"in2DMode":false,"pivot":{"x":0.777785062789917,"y":2.2227210998535158,"z":1.1324762105941773},"rotation":{"x":-0.07200786471366883,"y":0.7829253673553467,"z":-0.09226993471384049,"w":-0.6110244393348694},"size":1.0163987874984742,"orthographic":true}